{"cameraMode":{"drawMode":0,"name":"Shaded","section":"Shading Mode"},"sceneLighting":true,"audioPlay":false,"sceneViewState":{"showFog":true,"showMaterialUpdate":false,"showSkybox":true,"showFlares":true,"showImageEffects":true,"showParticleSystems":true},"in2DMode":false,"pivot":{"x":0.5597872734069824,"y":1.3018484115600587,"z":-2.601210594177246},"rotation":{"x":0.30217087268829348,"y":-0.6639670133590698,"z":0.33711451292037966,"w":0.5951424241065979},"size":10.171283721923829,"orthographic":false}